{"mean": 3.5711511905044317, "variance": 0.9340061170230513, "std_on_mean": 0.03056151365726265, "total_samples": 1000, "batch_size": 1, "nbatches": 1000}