{"mean": 2.829386526942253, "variance": 0.8332412405481479, "std_on_mean": 0.028865918321580347, "total_samples": 1000, "batch_size": 1, "nbatches": 1000}