{"mean": 3.2168437704145907, "variance": 0.8049592230600622, "std_on_mean": 0.02837180330997771, "total_samples": 1000, "batch_size": 1, "nbatches": 1000}