{"mean": 5.71946086883545, "variance": 0.6931128241668285, "std_on_mean": 0.26327035992812187, "total_samples": 10, "suffix_batch_size": 1, "nbatches": 10}