{"mean": 6.627283430099487, "variance": 1.0699992575278907, "std_on_mean": 0.32710843118572935, "total_samples": 10, "suffix_batch_size": 1, "nbatches": 10}