{"mean": 3.130835074454546, "variance": 0.8737934575557981, "std_on_mean": 0.02955999759059189, "total_samples": 1000, "batch_size": 1, "nbatches": 1000}